{
	"objName": "Sprite2",
	"scripts": [[10,
			82,
			[["whenIReceive", "Play"], ["show"], ["doForever", [["goBackByLayers:", 100]]]]],
		[10, 10, [["whenGreenFlag"], ["hide"]]]],
	"sounds": [{
			"soundName": "pop",
			"soundID": 0,
			"md5": "83a9787d4cb6f3b7632b4ddfebf74367.wav",
			"sampleCount": 258,
			"rate": 11025,
			"format": ""
		}],
	"costumes": [{
			"costumeName": "costume1",
			"baseLayerID": 0,
			"baseLayerMD5": "e059c0f8f93814ebe65e0b29b70ef66e.svg",
			"bitmapResolution": 1,
			"rotationCenterX": 241,
			"rotationCenterY": 0
		}],
	"currentCostumeIndex": 0,
	"scratchX": 0,
	"scratchY": 0,
	"scale": 1,
	"direction": 90,
	"rotationStyle": "normal",
	"isDraggable": false,
	"indexInLibrary": 100000,
	"visible": true,
	"spriteInfo": {
	}
}