{
	"objName": "Sprite3",
	"scripts": [[10,
			103,
			[["whenCloned"],
				["show"],
				["gotoX:y:", 200, -41],
				["doForever",
					[["doIf", ["touching:", "_edge_"], [["doRepeat", 10, [["changeGraphicEffect:by:", "ghost", 10]]]]]]]]],
		[234, 214, [["whenCloned"], ["doForever", [["comeToFront"], ["forward:", -5]]]]],
		[500,
			10,
			[["whenCloned"],
				["clearPenTrails"],
				["doForever",
					[["doIf",
							["=", ["readVariable", "die"], "1"],
							[["stampCostume"], ["hide"], ["stopScripts", "this script"]]]]]]],
		[234,
			10,
			[["whenIReceive", "Play"],
				["hide"],
				["setVar:to:", "die", 0],
				["doUntil",
					["=", ["readVariable", "die"], "1"],
					[["lookLike:", ["randomFrom:to:", 1, 3]],
						["createCloneOf", "_myself_"],
						["wait:elapsed:from:", ["randomFrom:to:", 1.5, 3.5]]]]]],
		[10, 10, [["whenGreenFlag"], ["clearPenTrails"], ["hide"]]]],
	"sounds": [{
			"soundName": "pop",
			"soundID": 0,
			"md5": "83a9787d4cb6f3b7632b4ddfebf74367.wav",
			"sampleCount": 258,
			"rate": 11025,
			"format": ""
		}],
	"costumes": [{
			"costumeName": "1",
			"baseLayerID": 0,
			"baseLayerMD5": "c657adff5ea627dd439850d9a9481f9f.png",
			"bitmapResolution": 2,
			"rotationCenterX": 30,
			"rotationCenterY": 36
		},
		{
			"costumeName": "2",
			"baseLayerID": 1,
			"baseLayerMD5": "4fe0cc33260899ce4f93f6f7a59546b4.png",
			"bitmapResolution": 2,
			"rotationCenterX": 50,
			"rotationCenterY": 40
		},
		{
			"costumeName": "3",
			"baseLayerID": 2,
			"baseLayerMD5": "0cf97e198d0f414e644d12f9f29879d0.png",
			"bitmapResolution": 2,
			"rotationCenterX": 16,
			"rotationCenterY": 32
		}],
	"currentCostumeIndex": 1,
	"scratchX": 0,
	"scratchY": 0,
	"scale": 1,
	"direction": 90,
	"rotationStyle": "normal",
	"isDraggable": false,
	"indexInLibrary": 100000,
	"visible": true,
	"spriteInfo": {
	}
}