{
	"objName": "Sprite6",
	"variables": [{
			"name": "start",
			"value": 0,
			"isPersistent": false
		}],
	"scripts": [[10,
			82,
			[["whenIReceive", "Play"],
				["setVar:to:", "start", 0],
				["doForever",
					[["doIfElse", ["=", ["readVariable", "die"], "0"], [["hide"]], [["show"]]]]]]],
		[10, 10, [["whenGreenFlag"], ["hide"]]]],
	"sounds": [{
			"soundName": "pop",
			"soundID": 0,
			"md5": "83a9787d4cb6f3b7632b4ddfebf74367.wav",
			"sampleCount": 258,
			"rate": 11025,
			"format": ""
		}],
	"costumes": [{
			"costumeName": "imgres",
			"baseLayerID": 0,
			"baseLayerMD5": "20e41266424520e8722b475e4c37525f.png",
			"bitmapResolution": 2,
			"rotationCenterX": 194,
			"rotationCenterY": 88
		}],
	"currentCostumeIndex": 0,
	"scratchX": 0,
	"scratchY": 0,
	"scale": 1,
	"direction": 90,
	"rotationStyle": "normal",
	"isDraggable": false,
	"indexInLibrary": 100000,
	"visible": true,
	"spriteInfo": {
	}
}