{
	"objName": "Sprite1",
	"variables": [{
			"name": "yV",
			"value": 0,
			"isPersistent": false
		},
		{
			"name": "xV",
			"value": 0,
			"isPersistent": false
		}],
	"scripts": [[10,
			10,
			[["whenIReceive", "Play"],
				["setSizeTo:", 100],
				["playSound:", "Jump"],
				["showVariable:", "☁ Highscore"],
				["showVariable:", "Score"],
				["goBackByLayers:", 1],
				["clearPenTrails"],
				["lookLike:", "images"],
				["show"],
				["setVar:to:", "die", 0],
				["setVar:to:", "yV", 0],
				["setVar:to:", "xV", 0],
				["gotoX:y:", -170, -22],
				["doForever",
					[["doIf",
							["touchingColor:", -5066062],
							[["changeYposBy:", 3],
								["doIf", ["not", ["touchingColor:", -5066062]], [["changeYposBy:", -3]]]]],
						["doIf",
							["&",
								["|", ["keyPressed:", "space"], ["|", ["keyPressed:", "w"], ["keyPressed:", "up arrow"]]],
								["touchingColor:", -5066062]],
							[["setVar:to:", "yV", "8"], ["playSound:", "Jump"]]],
						["doIfElse",
							["touchingColor:", -5066062],
							[["doIfElse",
									["<", ["readVariable", "yV"], "0.01"],
									[["setVar:to:", "yV", 0]],
									[["changeYposBy:", -10],
										["doIfElse",
											["touchingColor:", -5066062],
											[["changeYposBy:", 10]],
											[["setVar:to:", "yV", ["-", 0, ["readVariable", "yV"]]]]]]]],
							[["changeVar:by:", "yV", -0.6]]],
						["changeYposBy:", ["readVariable", "yV"]],
						["doIfElse",
							["not", ["=", ["readVariable", "yV"], "0"]],
							[["changeXposBy:", ["readVariable", "xV"]],
								["doIf", ["touchingColor:", -5066062], [["changeXposBy:", ["-", 0, ["readVariable", "xV"]]]]]],
							[["changeXposBy:", ["readVariable", "xV"]]]],
						["doIf",
							["touching:", "Sprite3"],
							[["setVar:to:", "die", "1"],
								["playSound:", "Die"],
								["lookLike:", "images2"],
								["stampCostume"],
								["hide"]]]]]]],
		[892,
			10,
			[["whenGreenFlag"],
				["doForever",
					[["doIf",
							["&",
								["=", ["%", ["readVariable", "Score"], 100], "0"],
								["not", ["=", ["readVariable", "Score"], "0"]]],
							[["doPlaySoundAndWait", "100"]]]]]]],
		[719, 10, [["whenIReceive", "How to"], ["hide"]]],
		[719,
			75,
			[["whenGreenFlag"],
				["show"],
				["gotoX:y:", -30, -60],
				["lookLike:", "images"],
				["setSizeTo:", 400]]],
		[269, 105, [["whenGreenFlag"], ["lookLike:", "images"]]],
		[293,
			283,
			[["whenIReceive", "Play"],
				["doForever",
					[["wait:elapsed:from:", ["randomFrom:to:", 10, 20]],
						["lookLike:", "images3"],
						["wait:elapsed:from:", 0.3],
						["lookLike:", "images"]]]]],
		[291, 199, [["whenIReceive", "Play"], ["lookLike:", "images"]]]],
	"sounds": [{
			"soundName": "Jump",
			"soundID": 0,
			"md5": "b99f668836dbac7f2e2d2a60097c7d22.wav",
			"sampleCount": 2304,
			"rate": 22050,
			"format": ""
		},
		{
			"soundName": "100",
			"soundID": 1,
			"md5": "8fdc84236d2b6f134bab45c2b0d5485d.wav",
			"sampleCount": 7552,
			"rate": 22050,
			"format": ""
		},
		{
			"soundName": "Die",
			"soundID": 2,
			"md5": "65f6b0fa4b29a3ca251b6cb867050796.wav",
			"sampleCount": 5248,
			"rate": 22050,
			"format": ""
		}],
	"costumes": [{
			"costumeName": "images",
			"baseLayerID": 0,
			"baseLayerMD5": "4c1d092836be3758dfd818ab98a66944.png",
			"bitmapResolution": 2,
			"rotationCenterX": 22,
			"rotationCenterY": 24
		},
		{
			"costumeName": "images3",
			"baseLayerID": 1,
			"baseLayerMD5": "4433760cef4314bf8e069a4cb1d6a997.svg",
			"bitmapResolution": 1,
			"rotationCenterX": 11,
			"rotationCenterY": 12
		},
		{
			"costumeName": "images2",
			"baseLayerID": 2,
			"baseLayerMD5": "09bc9b3f2a7a9457fa7aedd9443c982d.svg",
			"bitmapResolution": 1,
			"rotationCenterX": 11,
			"rotationCenterY": 12
		}],
	"currentCostumeIndex": 0,
	"scratchX": 0,
	"scratchY": 0,
	"scale": 1,
	"direction": 90,
	"rotationStyle": "normal",
	"isDraggable": false,
	"indexInLibrary": 100000,
	"visible": true,
	"spriteInfo": {
	}
}