{
	"objName": "Sprite7",
	"scripts": [[10, 10, [["whenGreenFlag"], ["gotoX:y:", -48, 97], ["show"]]],
		[10, 82, [["whenClicked"], ["broadcast:", "Play"], ["hide"]]],
		[161, 10, [["whenIReceive", "How to"], ["hide"]]]],
	"sounds": [{
			"soundName": "pop",
			"soundID": 0,
			"md5": "83a9787d4cb6f3b7632b4ddfebf74367.wav",
			"sampleCount": 258,
			"rate": 11025,
			"format": ""
		}],
	"costumes": [{
			"costumeName": "costume1",
			"baseLayerID": 0,
			"baseLayerMD5": "e718056db9c3956a1feddb24e2b88d43.svg",
			"bitmapResolution": 1,
			"rotationCenterX": 6,
			"rotationCenterY": 13
		}],
	"currentCostumeIndex": 0,
	"scratchX": 0,
	"scratchY": 0,
	"scale": 1,
	"direction": 90,
	"rotationStyle": "normal",
	"isDraggable": false,
	"indexInLibrary": 100000,
	"visible": true,
	"spriteInfo": {
	}
}